{
  "resourceType" : "ValueSet",
  "id" : "67b1b607-219a-4402-9f1a-9f65397046f2-186",
  "url" : "http://hl7.org/fhir/comparison/ValueSet/67b1b607-219a-4402-9f1a-9f65397046f2-186",
  "name" : "IntersectionBfsCountryCodesAndBfsCountryCodes",
  "title" : "Intersection of BFS Verzeichnis der Staaten und Gebiete And BFS Verzeichnis der Staaten und Gebiete",
  "status" : "active",
  "date" : "2025-10-21T11:55:17+00:00",
  "jurisdiction" : [{
    "coding" : [{
      "system" : "urn:iso:std:iso:3166",
      "code" : "CH"
    }]
  }],
  "compose" : {
    "include" : [{
      "concept" : [{
        "code" : "CH",
        "display" : "Switzerland"
      },
      {
        "code" : "CHE",
        "display" : "Switzerland"
      },
      {
        "code" : "AL",
        "display" : "Albania"
      },
      {
        "code" : "ALB",
        "display" : "Albania"
      },
      {
        "code" : "AD",
        "display" : "Andorra"
      },
      {
        "code" : "AND",
        "display" : "Andorra"
      },
      {
        "code" : "BE",
        "display" : "Belgium"
      },
      {
        "code" : "BEL",
        "display" : "Belgium"
      },
      {
        "code" : "BG",
        "display" : "Bulgaria"
      },
      {
        "code" : "BGR",
        "display" : "Bulgaria"
      },
      {
        "code" : "DK",
        "display" : "Denmark"
      },
      {
        "code" : "DNK",
        "display" : "Denmark"
      },
      {
        "code" : "DE",
        "display" : "Germany"
      },
      {
        "code" : "DEU",
        "display" : "Germany"
      },
      {
        "code" : "FI",
        "display" : "Finland"
      },
      {
        "code" : "FIN",
        "display" : "Finland"
      },
      {
        "code" : "FR",
        "display" : "France"
      },
      {
        "code" : "FRA",
        "display" : "France"
      },
      {
        "code" : "GR",
        "display" : "Greece"
      },
      {
        "code" : "GRC",
        "display" : "Greece"
      },
      {
        "code" : "GB",
        "display" : "United Kingdom"
      },
      {
        "code" : "GBR",
        "display" : "United Kingdom"
      },
      {
        "code" : "IE",
        "display" : "Ireland"
      },
      {
        "code" : "IRL",
        "display" : "Ireland"
      },
      {
        "code" : "IS",
        "display" : "Iceland"
      },
      {
        "code" : "ISL",
        "display" : "Iceland"
      },
      {
        "code" : "IT",
        "display" : "Italy"
      },
      {
        "code" : "ITA",
        "display" : "Italy"
      },
      {
        "code" : "LI",
        "display" : "Liechtenstein"
      },
      {
        "code" : "LIE",
        "display" : "Liechtenstein"
      },
      {
        "code" : "LU",
        "display" : "Luxembourg"
      },
      {
        "code" : "LUX",
        "display" : "Luxembourg"
      },
      {
        "code" : "MT",
        "display" : "Malta"
      },
      {
        "code" : "MLT",
        "display" : "Malta"
      },
      {
        "code" : "MC",
        "display" : "Monaco"
      },
      {
        "code" : "MCO",
        "display" : "Monaco"
      },
      {
        "code" : "NL",
        "display" : "Netherlands"
      },
      {
        "code" : "NLD",
        "display" : "Netherlands"
      },
      {
        "code" : "NO",
        "display" : "Norway"
      },
      {
        "code" : "NOR",
        "display" : "Norway"
      },
      {
        "code" : "AT",
        "display" : "Austria"
      },
      {
        "code" : "AUT",
        "display" : "Austria"
      },
      {
        "code" : "PL",
        "display" : "Poland"
      },
      {
        "code" : "POL",
        "display" : "Poland"
      },
      {
        "code" : "PT",
        "display" : "Portugal"
      },
      {
        "code" : "PRT",
        "display" : "Portugal"
      },
      {
        "code" : "RO",
        "display" : "Romania"
      },
      {
        "code" : "ROU",
        "display" : "Romania"
      },
      {
        "code" : "SM",
        "display" : "San Marino"
      },
      {
        "code" : "SMR",
        "display" : "San Marino"
      },
      {
        "code" : "SE",
        "display" : "Sweden"
      },
      {
        "code" : "SWE",
        "display" : "Sweden"
      },
      {
        "code" : "ES",
        "display" : "Spain"
      },
      {
        "code" : "ESP",
        "display" : "Spain"
      },
      {
        "code" : "TR",
        "display" : "Türkiye"
      },
      {
        "code" : "TUR",
        "display" : "Türkiye"
      },
      {
        "code" : "HU",
        "display" : "Hungary"
      },
      {
        "code" : "HUN",
        "display" : "Hungary"
      },
      {
        "code" : "VA",
        "display" : "Vatican City"
      },
      {
        "code" : "VAT",
        "display" : "Vatican City"
      },
      {
        "code" : "CY",
        "display" : "Cyprus"
      },
      {
        "code" : "CYP",
        "display" : "Cyprus"
      },
      {
        "code" : "SK",
        "display" : "Slovakia"
      },
      {
        "code" : "SVK",
        "display" : "Slovakia"
      },
      {
        "code" : "CZ",
        "display" : "Czechia"
      },
      {
        "code" : "CZE",
        "display" : "Czechia"
      },
      {
        "code" : "RS",
        "display" : "Serbia"
      },
      {
        "code" : "SRB",
        "display" : "Serbia"
      },
      {
        "code" : "HR",
        "display" : "Croatia"
      },
      {
        "code" : "HRV",
        "display" : "Croatia"
      },
      {
        "code" : "SI",
        "display" : "Slovenia"
      },
      {
        "code" : "SVN",
        "display" : "Slovenia"
      },
      {
        "code" : "BA",
        "display" : "Bosnia and Herzegovina"
      },
      {
        "code" : "BIH",
        "display" : "Bosnia and Herzegovina"
      },
      {
        "code" : "ME",
        "display" : "Montenegro"
      },
      {
        "code" : "MNE",
        "display" : "Montenegro"
      },
      {
        "code" : "MK",
        "display" : "North Macedonia"
      },
      {
        "code" : "MKD",
        "display" : "North Macedonia"
      },
      {
        "code" : "XK",
        "display" : "Kosovo"
      },
      {
        "code" : "EE",
        "display" : "Estonia"
      },
      {
        "code" : "EST",
        "display" : "Estonia"
      },
      {
        "code" : "LV",
        "display" : "Latvia"
      },
      {
        "code" : "LVA",
        "display" : "Latvia"
      },
      {
        "code" : "LT",
        "display" : "Lithuania"
      },
      {
        "code" : "LTU",
        "display" : "Lithuania"
      },
      {
        "code" : "MD",
        "display" : "Moldova"
      },
      {
        "code" : "MDA",
        "display" : "Moldova"
      },
      {
        "code" : "RU",
        "display" : "Russia"
      },
      {
        "code" : "RUS",
        "display" : "Russia"
      },
      {
        "code" : "UA",
        "display" : "Ukraine"
      },
      {
        "code" : "UKR",
        "display" : "Ukraine"
      },
      {
        "code" : "BY",
        "display" : "Belarus"
      },
      {
        "code" : "BLR",
        "display" : "Belarus"
      },
      {
        "code" : "GQ",
        "display" : "Equatorial Guinea"
      },
      {
        "code" : "GNQ",
        "display" : "Equatorial Guinea"
      },
      {
        "code" : "ET",
        "display" : "Ethiopia"
      },
      {
        "code" : "ETH",
        "display" : "Ethiopia"
      },
      {
        "code" : "DJ",
        "display" : "Djibouti"
      },
      {
        "code" : "DJI",
        "display" : "Djibouti"
      },
      {
        "code" : "DZ",
        "display" : "Algeria"
      },
      {
        "code" : "DZA",
        "display" : "Algeria"
      },
      {
        "code" : "AO",
        "display" : "Angola"
      },
      {
        "code" : "AGO",
        "display" : "Angola"
      },
      {
        "code" : "BW",
        "display" : "Botswana"
      },
      {
        "code" : "BWA",
        "display" : "Botswana"
      },
      {
        "code" : "BI",
        "display" : "Burundi"
      },
      {
        "code" : "BDI",
        "display" : "Burundi"
      },
      {
        "code" : "BJ",
        "display" : "Benin"
      },
      {
        "code" : "BEN",
        "display" : "Benin"
      },
      {
        "code" : "CI",
        "display" : "Côte d'Ivoire"
      },
      {
        "code" : "CIV",
        "display" : "Côte d'Ivoire"
      },
      {
        "code" : "GA",
        "display" : "Gabon"
      },
      {
        "code" : "GAB",
        "display" : "Gabon"
      },
      {
        "code" : "GM",
        "display" : "Gambia"
      },
      {
        "code" : "GMB",
        "display" : "Gambia"
      },
      {
        "code" : "GH",
        "display" : "Ghana"
      },
      {
        "code" : "GHA",
        "display" : "Ghana"
      },
      {
        "code" : "GW",
        "display" : "Guinea-Bissau"
      },
      {
        "code" : "GNB",
        "display" : "Guinea-Bissau"
      },
      {
        "code" : "GN",
        "display" : "Guinea"
      },
      {
        "code" : "GIN",
        "display" : "Guinea"
      },
      {
        "code" : "CM",
        "display" : "Cameroon"
      },
      {
        "code" : "CMR",
        "display" : "Cameroon"
      },
      {
        "code" : "CV",
        "display" : "Cabo Verde"
      },
      {
        "code" : "CPV",
        "display" : "Cabo Verde"
      },
      {
        "code" : "KE",
        "display" : "Kenya"
      },
      {
        "code" : "KEN",
        "display" : "Kenya"
      },
      {
        "code" : "KM",
        "display" : "Comoros"
      },
      {
        "code" : "COM",
        "display" : "Comoros"
      },
      {
        "code" : "CG",
        "display" : "Congo (Brazzaville)"
      },
      {
        "code" : "COG",
        "display" : "Congo (Brazzaville)"
      },
      {
        "code" : "CD",
        "display" : "Congo (Kinshasa)"
      },
      {
        "code" : "COD",
        "display" : "Congo (Kinshasa)"
      },
      {
        "code" : "LS",
        "display" : "Lesotho"
      },
      {
        "code" : "LSO",
        "display" : "Lesotho"
      },
      {
        "code" : "LR",
        "display" : "Liberia"
      },
      {
        "code" : "LBR",
        "display" : "Liberia"
      },
      {
        "code" : "LY",
        "display" : "Libya"
      },
      {
        "code" : "LBY",
        "display" : "Libya"
      },
      {
        "code" : "MG",
        "display" : "Madagascar"
      },
      {
        "code" : "MDG",
        "display" : "Madagascar"
      },
      {
        "code" : "MW",
        "display" : "Malawi"
      },
      {
        "code" : "MWI",
        "display" : "Malawi"
      },
      {
        "code" : "ML",
        "display" : "Mali"
      },
      {
        "code" : "MLI",
        "display" : "Mali"
      },
      {
        "code" : "MA",
        "display" : "Morocco"
      },
      {
        "code" : "MAR",
        "display" : "Morocco"
      },
      {
        "code" : "MR",
        "display" : "Mauritania"
      },
      {
        "code" : "MRT",
        "display" : "Mauritania"
      },
      {
        "code" : "MU",
        "display" : "Mauritius"
      },
      {
        "code" : "MUS",
        "display" : "Mauritius"
      },
      {
        "code" : "MZ",
        "display" : "Mozambique"
      },
      {
        "code" : "MOZ",
        "display" : "Mozambique"
      },
      {
        "code" : "NE",
        "display" : "Niger"
      },
      {
        "code" : "NER",
        "display" : "Niger"
      },
      {
        "code" : "NG",
        "display" : "Nigeria"
      },
      {
        "code" : "NGA",
        "display" : "Nigeria"
      },
      {
        "code" : "BF",
        "display" : "Burkina Faso"
      },
      {
        "code" : "BFA",
        "display" : "Burkina Faso"
      },
      {
        "code" : "ZW",
        "display" : "Zimbabwe"
      },
      {
        "code" : "ZWE",
        "display" : "Zimbabwe"
      },
      {
        "code" : "RW",
        "display" : "Rwanda"
      },
      {
        "code" : "RWA",
        "display" : "Rwanda"
      },
      {
        "code" : "ZM",
        "display" : "Zambia"
      },
      {
        "code" : "ZMB",
        "display" : "Zambia"
      },
      {
        "code" : "ST",
        "display" : "São Tomé and Príncipe"
      },
      {
        "code" : "STP",
        "display" : "São Tomé and Príncipe"
      },
      {
        "code" : "SN",
        "display" : "Senegal"
      },
      {
        "code" : "SEN",
        "display" : "Senegal"
      },
      {
        "code" : "SC",
        "display" : "Seychelles"
      },
      {
        "code" : "SYC",
        "display" : "Seychelles"
      },
      {
        "code" : "SL",
        "display" : "Sierra Leone"
      },
      {
        "code" : "SLE",
        "display" : "Sierra Leone"
      },
      {
        "code" : "SO",
        "display" : "Somalia"
      },
      {
        "code" : "SOM",
        "display" : "Somalia"
      },
      {
        "code" : "ZA",
        "display" : "South Africa"
      },
      {
        "code" : "ZAF",
        "display" : "South Africa"
      },
      {
        "code" : "SD",
        "display" : "Sudan"
      },
      {
        "code" : "SDN",
        "display" : "Sudan"
      },
      {
        "code" : "NA",
        "display" : "Namibia"
      },
      {
        "code" : "NAM",
        "display" : "Namibia"
      },
      {
        "code" : "SZ",
        "display" : "Eswatini"
      },
      {
        "code" : "SWZ",
        "display" : "Eswatini"
      },
      {
        "code" : "TZ",
        "display" : "Tanzania"
      },
      {
        "code" : "TZA",
        "display" : "Tanzania"
      },
      {
        "code" : "TG",
        "display" : "Togo"
      },
      {
        "code" : "TGO",
        "display" : "Togo"
      },
      {
        "code" : "TD",
        "display" : "Chad"
      },
      {
        "code" : "TCD",
        "display" : "Chad"
      },
      {
        "code" : "TN",
        "display" : "Tunisia"
      },
      {
        "code" : "TUN",
        "display" : "Tunisia"
      },
      {
        "code" : "UG",
        "display" : "Uganda"
      },
      {
        "code" : "UGA",
        "display" : "Uganda"
      },
      {
        "code" : "EG",
        "display" : "Egypt"
      },
      {
        "code" : "EGY",
        "display" : "Egypt"
      },
      {
        "code" : "CF",
        "display" : "Central African Republic"
      },
      {
        "code" : "CAF",
        "display" : "Central African Republic"
      },
      {
        "code" : "ER",
        "display" : "Eritrea"
      },
      {
        "code" : "ERI",
        "display" : "Eritrea"
      },
      {
        "code" : "SS",
        "display" : "South Sudan"
      },
      {
        "code" : "SSD",
        "display" : "South Sudan"
      },
      {
        "code" : "AR",
        "display" : "Argentina"
      },
      {
        "code" : "ARG",
        "display" : "Argentina"
      },
      {
        "code" : "BS",
        "display" : "Bahamas"
      },
      {
        "code" : "BHS",
        "display" : "Bahamas"
      },
      {
        "code" : "BB",
        "display" : "Barbados"
      },
      {
        "code" : "BRB",
        "display" : "Barbados"
      },
      {
        "code" : "BO",
        "display" : "Bolivia"
      },
      {
        "code" : "BOL",
        "display" : "Bolivia"
      },
      {
        "code" : "BR",
        "display" : "Brazil"
      },
      {
        "code" : "BRA",
        "display" : "Brazil"
      },
      {
        "code" : "CL",
        "display" : "Chile"
      },
      {
        "code" : "CHL",
        "display" : "Chile"
      },
      {
        "code" : "CR",
        "display" : "Costa Rica"
      },
      {
        "code" : "CRI",
        "display" : "Costa Rica"
      },
      {
        "code" : "DO",
        "display" : "Dominican Republic"
      },
      {
        "code" : "DOM",
        "display" : "Dominican Republic"
      },
      {
        "code" : "EC",
        "display" : "Ecuador"
      },
      {
        "code" : "ECU",
        "display" : "Ecuador"
      },
      {
        "code" : "SV",
        "display" : "El Salvador"
      },
      {
        "code" : "SLV",
        "display" : "El Salvador"
      },
      {
        "code" : "GT",
        "display" : "Guatemala"
      },
      {
        "code" : "GTM",
        "display" : "Guatemala"
      },
      {
        "code" : "GY",
        "display" : "Guyana"
      },
      {
        "code" : "GUY",
        "display" : "Guyana"
      },
      {
        "code" : "HT",
        "display" : "Haiti"
      },
      {
        "code" : "HTI",
        "display" : "Haiti"
      },
      {
        "code" : "BZ",
        "display" : "Belize"
      },
      {
        "code" : "BLZ",
        "display" : "Belize"
      },
      {
        "code" : "HN",
        "display" : "Honduras"
      },
      {
        "code" : "HND",
        "display" : "Honduras"
      },
      {
        "code" : "JM",
        "display" : "Jamaica"
      },
      {
        "code" : "JAM",
        "display" : "Jamaica"
      },
      {
        "code" : "CA",
        "display" : "Canada"
      },
      {
        "code" : "CAN",
        "display" : "Canada"
      },
      {
        "code" : "CO",
        "display" : "Colombia"
      },
      {
        "code" : "COL",
        "display" : "Colombia"
      },
      {
        "code" : "CU",
        "display" : "Cuba"
      },
      {
        "code" : "CUB",
        "display" : "Cuba"
      },
      {
        "code" : "MX",
        "display" : "Mexico"
      },
      {
        "code" : "MEX",
        "display" : "Mexico"
      },
      {
        "code" : "NI",
        "display" : "Nicaragua"
      },
      {
        "code" : "NIC",
        "display" : "Nicaragua"
      },
      {
        "code" : "PA",
        "display" : "Panama"
      },
      {
        "code" : "PAN",
        "display" : "Panama"
      },
      {
        "code" : "PY",
        "display" : "Paraguay"
      },
      {
        "code" : "PRY",
        "display" : "Paraguay"
      },
      {
        "code" : "PE",
        "display" : "Peru"
      },
      {
        "code" : "PER",
        "display" : "Peru"
      },
      {
        "code" : "SR",
        "display" : "Suriname"
      },
      {
        "code" : "SUR",
        "display" : "Suriname"
      },
      {
        "code" : "TT",
        "display" : "Trinidad and Tobago"
      },
      {
        "code" : "TTO",
        "display" : "Trinidad and Tobago"
      },
      {
        "code" : "UY",
        "display" : "Uruguay"
      },
      {
        "code" : "URY",
        "display" : "Uruguay"
      },
      {
        "code" : "VE",
        "display" : "Venezuela"
      },
      {
        "code" : "VEN",
        "display" : "Venezuela"
      },
      {
        "code" : "US",
        "display" : "United States"
      },
      {
        "code" : "USA",
        "display" : "United States"
      },
      {
        "code" : "DM",
        "display" : "Dominica"
      },
      {
        "code" : "DMA",
        "display" : "Dominica"
      },
      {
        "code" : "GD",
        "display" : "Grenada"
      },
      {
        "code" : "GRD",
        "display" : "Grenada"
      },
      {
        "code" : "AG",
        "display" : "Antigua and Barbuda"
      },
      {
        "code" : "ATG",
        "display" : "Antigua and Barbuda"
      },
      {
        "code" : "LC",
        "display" : "Saint Lucia"
      },
      {
        "code" : "LCA",
        "display" : "Saint Lucia"
      },
      {
        "code" : "VC",
        "display" : "Saint Vincent and the Grenadines"
      },
      {
        "code" : "VCT",
        "display" : "Saint Vincent and the Grenadines"
      },
      {
        "code" : "KN",
        "display" : "Saint Kitts and Nevis"
      },
      {
        "code" : "KNA",
        "display" : "Saint Kitts and Nevis"
      },
      {
        "code" : "AF",
        "display" : "Afghanistan"
      },
      {
        "code" : "AFG",
        "display" : "Afghanistan"
      },
      {
        "code" : "BH",
        "display" : "Bahrain"
      },
      {
        "code" : "BHR",
        "display" : "Bahrain"
      },
      {
        "code" : "BT",
        "display" : "Bhutan"
      },
      {
        "code" : "BTN",
        "display" : "Bhutan"
      },
      {
        "code" : "BN",
        "display" : "Brunei"
      },
      {
        "code" : "BRN",
        "display" : "Brunei"
      },
      {
        "code" : "MM",
        "display" : "Myanmar"
      },
      {
        "code" : "MMR",
        "display" : "Myanmar"
      },
      {
        "code" : "LK",
        "display" : "Sri Lanka"
      },
      {
        "code" : "LKA",
        "display" : "Sri Lanka"
      },
      {
        "code" : "CN",
        "display" : "China"
      },
      {
        "code" : "CHN",
        "display" : "China"
      },
      {
        "code" : "IN",
        "display" : "India"
      },
      {
        "code" : "IND",
        "display" : "India"
      },
      {
        "code" : "ID",
        "display" : "Indonesia"
      },
      {
        "code" : "IDN",
        "display" : "Indonesia"
      },
      {
        "code" : "IQ",
        "display" : "Iraq"
      },
      {
        "code" : "IRQ",
        "display" : "Iraq"
      },
      {
        "code" : "IR",
        "display" : "Iran"
      },
      {
        "code" : "IRN",
        "display" : "Iran"
      },
      {
        "code" : "IL",
        "display" : "Israel"
      },
      {
        "code" : "ISR",
        "display" : "Israel"
      },
      {
        "code" : "JP",
        "display" : "Japan"
      },
      {
        "code" : "JPN",
        "display" : "Japan"
      },
      {
        "code" : "YE",
        "display" : "Yemen"
      },
      {
        "code" : "YEM",
        "display" : "Yemen"
      },
      {
        "code" : "JO",
        "display" : "Jordan"
      },
      {
        "code" : "JOR",
        "display" : "Jordan"
      },
      {
        "code" : "KH",
        "display" : "Cambodia"
      },
      {
        "code" : "KHM",
        "display" : "Cambodia"
      },
      {
        "code" : "QA",
        "display" : "Qatar"
      },
      {
        "code" : "QAT",
        "display" : "Qatar"
      },
      {
        "code" : "KW",
        "display" : "Kuwait"
      },
      {
        "code" : "KWT",
        "display" : "Kuwait"
      },
      {
        "code" : "LA",
        "display" : "Laos"
      },
      {
        "code" : "LAO",
        "display" : "Laos"
      },
      {
        "code" : "LB",
        "display" : "Lebanon"
      },
      {
        "code" : "LBN",
        "display" : "Lebanon"
      },
      {
        "code" : "MY",
        "display" : "Malaysia"
      },
      {
        "code" : "MYS",
        "display" : "Malaysia"
      },
      {
        "code" : "MV",
        "display" : "Maldives"
      },
      {
        "code" : "MDV",
        "display" : "Maldives"
      },
      {
        "code" : "OM",
        "display" : "Oman"
      },
      {
        "code" : "OMN",
        "display" : "Oman"
      },
      {
        "code" : "MN",
        "display" : "Mongolia"
      },
      {
        "code" : "MNG",
        "display" : "Mongolia"
      },
      {
        "code" : "NP",
        "display" : "Nepal"
      },
      {
        "code" : "NPL",
        "display" : "Nepal"
      },
      {
        "code" : "KP",
        "display" : "North Korea"
      },
      {
        "code" : "PRK",
        "display" : "North Korea"
      },
      {
        "code" : "AE",
        "display" : "United Arab Emirates"
      },
      {
        "code" : "ARE",
        "display" : "United Arab Emirates"
      },
      {
        "code" : "PK",
        "display" : "Pakistan"
      },
      {
        "code" : "PAK",
        "display" : "Pakistan"
      },
      {
        "code" : "PH",
        "display" : "Philippines"
      },
      {
        "code" : "PHL",
        "display" : "Philippines"
      },
      {
        "code" : "SA",
        "display" : "Saudi Arabia"
      },
      {
        "code" : "SAU",
        "display" : "Saudi Arabia"
      },
      {
        "code" : "SG",
        "display" : "Singapore"
      },
      {
        "code" : "SGP",
        "display" : "Singapore"
      },
      {
        "code" : "KR",
        "display" : "South Korea"
      },
      {
        "code" : "KOR",
        "display" : "South Korea"
      },
      {
        "code" : "SY",
        "display" : "Syria"
      },
      {
        "code" : "SYR",
        "display" : "Syria"
      },
      {
        "code" : "TH",
        "display" : "Thailand"
      },
      {
        "code" : "THA",
        "display" : "Thailand"
      },
      {
        "code" : "VN",
        "display" : "Vietnam"
      },
      {
        "code" : "VNM",
        "display" : "Vietnam"
      },
      {
        "code" : "BD",
        "display" : "Bangladesh"
      },
      {
        "code" : "BGD",
        "display" : "Bangladesh"
      },
      {
        "code" : "TL",
        "display" : "Timor-Leste"
      },
      {
        "code" : "TLS",
        "display" : "Timor-Leste"
      },
      {
        "code" : "AM",
        "display" : "Armenia"
      },
      {
        "code" : "ARM",
        "display" : "Armenia"
      },
      {
        "code" : "AZ",
        "display" : "Azerbaijan"
      },
      {
        "code" : "AZE",
        "display" : "Azerbaijan"
      },
      {
        "code" : "GE",
        "display" : "Georgia"
      },
      {
        "code" : "GEO",
        "display" : "Georgia"
      },
      {
        "code" : "KZ",
        "display" : "Kazakhstan"
      },
      {
        "code" : "KAZ",
        "display" : "Kazakhstan"
      },
      {
        "code" : "KG",
        "display" : "Kyrgyzstan"
      },
      {
        "code" : "KGZ",
        "display" : "Kyrgyzstan"
      },
      {
        "code" : "TJ",
        "display" : "Tajikistan"
      },
      {
        "code" : "TJK",
        "display" : "Tajikistan"
      },
      {
        "code" : "TM",
        "display" : "Turkmenistan"
      },
      {
        "code" : "TKM",
        "display" : "Turkmenistan"
      },
      {
        "code" : "UZ",
        "display" : "Uzbekistan"
      },
      {
        "code" : "UZB",
        "display" : "Uzbekistan"
      },
      {
        "code" : "AU",
        "display" : "Australia"
      },
      {
        "code" : "AUS",
        "display" : "Australia"
      },
      {
        "code" : "FJ",
        "display" : "Fiji"
      },
      {
        "code" : "FJI",
        "display" : "Fiji"
      },
      {
        "code" : "NR",
        "display" : "Nauru"
      },
      {
        "code" : "NRU",
        "display" : "Nauru"
      },
      {
        "code" : "VU",
        "display" : "Vanuatu"
      },
      {
        "code" : "VUT",
        "display" : "Vanuatu"
      },
      {
        "code" : "NZ",
        "display" : "New Zealand"
      },
      {
        "code" : "NZL",
        "display" : "New Zealand"
      },
      {
        "code" : "PG",
        "display" : "Papua New Guinea"
      },
      {
        "code" : "PNG",
        "display" : "Papua New Guinea"
      },
      {
        "code" : "TO",
        "display" : "Tonga"
      },
      {
        "code" : "TON",
        "display" : "Tonga"
      },
      {
        "code" : "WS",
        "display" : "Samoa"
      },
      {
        "code" : "WSM",
        "display" : "Samoa"
      },
      {
        "code" : "SB",
        "display" : "Solomon Islands"
      },
      {
        "code" : "SLB",
        "display" : "Solomon Islands"
      },
      {
        "code" : "TV",
        "display" : "Tuvalu"
      },
      {
        "code" : "TUV",
        "display" : "Tuvalu"
      },
      {
        "code" : "KI",
        "display" : "Kiribati"
      },
      {
        "code" : "KIR",
        "display" : "Kiribati"
      },
      {
        "code" : "MH",
        "display" : "Marshall Islands"
      },
      {
        "code" : "MHL",
        "display" : "Marshall Islands"
      },
      {
        "code" : "FM",
        "display" : "Micronesia"
      },
      {
        "code" : "FSM",
        "display" : "Micronesia"
      },
      {
        "code" : "PW",
        "display" : "Palau"
      },
      {
        "code" : "PLW",
        "display" : "Palau"
      },
      {
        "code" : "CK",
        "display" : "Cook Islands"
      },
      {
        "code" : "COK",
        "display" : "Cook Islands"
      }]
    }]
  }
}